quest_id,title,description,mechanism,criteria_json,source
all_lines_rider,Every Line,Ride every subway line at least once.,lifetime_set,"{""type"": ""all_routes""}",hand_authored
beachy,Beachy,Visit at least {count} beach stations.,lifetime_set,"{""type"": ""min_count_stations"", ""stations"": [58, 57, 55, 200, 201, 202, 203, 204, 205, 206, 207, 208], ""count"": 6}",hand_authored
borough_completionist,Five Boroughs,Visit at least one station in every borough.,lifetime_set,"{""type"": ""all_groups"", ""groups"": [[1, 2, 3, 4, 5, 6, 80, 81, 82, 83, 84, 85, 108, 109, 110, 111, 129, 190, 191, 192, 193, 194, 195, 196, 197, 198, 199, 200, 201, 202, 203, 204, 205, 206, 207, 208, 209, 221, 254, 255, 256, 257, 258, 259, 260, 261, 262, 263, 264, 265, 266, 616, 268, 269, 270, 271, 272, 273, 606, 278, 279, 280, 282, 447, 448, 449, 450, 451, 452, 453, 455, 456, 457, 458, 459, 460, 461, 463, 464], [613, 8, 9, 10, 611, 607, 13, 14, 602, 16, 17, 623, 20, 624, 22, 635, 625, 103, 622, 628, 107, 618, 601, 118, 119, 143, 144, 145, 146, 147, 605, 149, 150, 151, 152, 153, 154, 155, 156, 157, 158, 159, 160, 614, 162, 164, 165, 167, 168, 169, 220, 222, 223, 224, 225, 609, 228, 619, 231, 232, 234, 612, 276, 277, 296, 297, 298, 299, 300, 301, 303, 304, 305, 306, 307, 308, 309, 310, 311, 312, 313, 314, 316, 318, 319, 320, 321, 323, 324, 325, 326, 327, 328, 329, 333, 392, 393, 394, 395, 396, 397, 398, 399, 610, 403, 404, 405, 407, 409, 413, 414, 436, 437, 438, 439, 440, 441, 471, 475, 476, 477], [620, 636, 26, 617, 28, 608, 30, 31, 32, 33, 34, 35, 36, 37, 38, 39, 41, 42, 43, 44, 45, 46, 47, 48, 49, 50, 51, 52, 53, 54, 55, 56, 57, 58, 59, 60, 61, 62, 615, 64, 65, 66, 67, 68, 69, 70, 71, 72, 74, 75, 76, 77, 78, 79, 86, 87, 88, 89, 90, 91, 621, 93, 94, 95, 96, 97, 98, 99, 100, 101, 630, 113, 114, 120, 629, 122, 123, 124, 125, 126, 127, 130, 131, 133, 134, 135, 136, 137, 138, 627, 141, 626, 173, 175, 176, 177, 179, 180, 181, 182, 183, 185, 186, 187, 188, 189, 235, 236, 237, 238, 240, 241, 242, 243, 244, 245, 246, 247, 248, 249, 250, 251, 252, 253, 283, 284, 286, 287, 288, 289, 290, 291, 292, 334, 336, 337, 339, 340, 341, 343, 344, 345, 346, 347, 348, 349, 350, 351, 352, 353, 354, 355, 356, 357, 358, 359], [210, 211, 212, 213, 214, 215, 216, 217, 218, 604, 293, 294, 295, 360, 361, 362, 363, 364, 365, 366, 367, 368, 369, 370, 371, 372, 373, 374, 375, 376, 377, 378, 379, 380, 381, 382, 383, 384, 385, 386, 387, 388, 603, 391, 416, 417, 418, 419, 420, 421, 422, 423, 424, 425, 426, 427, 428, 429, 430, 431, 432, 433, 434, 442, 443, 444, 445, 446], [501, 502, 503, 504, 505, 506, 507, 508, 509, 510, 511, 512, 513, 514, 515, 516, 517, 518, 519, 522, 523]], ""group_labels"": [""Queens"", ""Manhattan"", ""Brooklyn"", ""Bronx"", ""Staten Island""]}",hand_authored
bottom_to_top,Bottom to Top,Ride from Manhattan's southern tip to its northern tip in one trip.,per_trip,"{""type"": ""geographic_endpoints"", ""start"": 635, ""end"": 297}",hand_authored
branching_out_5,5 Branching Out,Visit a station on every branch of the 5 line.,lifetime_set,"{""type"": ""all_groups"", ""groups"": [[427, 428, 429, 430, 431, 432, 433, 442, 443, 444, 445, 446], [417, 418, 419, 420, 421, 422, 423, 424, 425]], ""group_labels"": [""via Eastchester-Dyre Av"", ""via Nereid Av""]}",auto_generated
branching_out_A,A Branching Out,Visit a station on every branch of the A line.,lifetime_set,"{""type"": ""all_groups"", ""groups"": [[204, 205, 206, 207, 208, 209], [200, 201, 202, 203], [193, 194, 195]], ""group_labels"": [""via Far Rockaway-Mott Av"", ""via Rockaway Park-Beach 116 St"", ""via Ozone Park-Lefferts Blvd""]}",auto_generated
crossroads,Crossroads of the World,Board or alight from every line at Times Sq-42 St.,lifetime_set,"{""type"": ""all_station_route_pairs"", ""pairs"": [{""station"": 611, ""route"": ""N""}, {""station"": 611, ""route"": ""Q""}, {""station"": 611, ""route"": ""R""}, {""station"": 611, ""route"": ""W""}, {""station"": 611, ""route"": ""A""}, {""station"": 611, ""route"": ""C""}, {""station"": 611, ""route"": ""E""}, {""station"": 611, ""route"": ""1""}, {""station"": 611, ""route"": ""2""}, {""station"": 611, ""route"": ""3""}, {""station"": 611, ""route"": ""7""}, {""station"": 611, ""route"": ""GS""}]}",hand_authored
im_not_leaving,I'm Not Leaving!!,Ride one subway line from end to end in a single trip.,per_trip,"{""type"": ""full_line_ride"", ""route"": ""any""}",hand_authored
line_completion_1,1 Completionist,Visit every station on the 1 line.,lifetime_set,"{""type"": ""all_station_route_pairs"", ""pairs"": [{""station"": 635, ""route"": ""1""}, {""station"": 329, ""route"": ""1""}, {""station"": 328, ""route"": ""1""}, {""station"": 327, ""route"": ""1""}, {""station"": 326, ""route"": ""1""}, {""station"": 325, ""route"": ""1""}, {""station"": 324, ""route"": ""1""}, {""station"": 323, ""route"": ""1""}, {""station"": 601, ""route"": ""1""}, {""station"": 321, ""route"": ""1""}, {""station"": 320, ""route"": ""1""}, {""station"": 319, ""route"": ""1""}, {""station"": 318, ""route"": ""1""}, {""station"": 611, ""route"": ""1""}, {""station"": 316, ""route"": ""1""}, {""station"": 614, ""route"": ""1""}, {""station"": 314, ""route"": ""1""}, {""station"": 313, ""route"": ""1""}, {""station"": 312, ""route"": ""1""}, {""station"": 311, ""route"": ""1""}, {""station"": 310, ""route"": ""1""}, {""station"": 309, ""route"": ""1""}, {""station"": 308, ""route"": ""1""}, {""station"": 307, ""route"": ""1""}, {""station"": 306, ""route"": ""1""}, {""station"": 305, ""route"": ""1""}, {""station"": 304, ""route"": ""1""}, {""station"": 303, ""route"": ""1""}, {""station"": 605, ""route"": ""1""}, {""station"": 301, ""route"": ""1""}, {""station"": 300, ""route"": ""1""}, {""station"": 299, ""route"": ""1""}, {""station"": 298, ""route"": ""1""}, {""station"": 297, ""route"": ""1""}, {""station"": 296, ""route"": ""1""}, {""station"": 295, ""route"": ""1""}, {""station"": 294, ""route"": ""1""}, {""station"": 293, ""route"": ""1""}]}",auto_generated
line_completion_2,2 Completionist,Visit every station on the 2 line.,lifetime_set,"{""type"": ""all_station_route_pairs"", ""pairs"": [{""station"": 359, ""route"": ""2""}, {""station"": 358, ""route"": ""2""}, {""station"": 357, ""route"": ""2""}, {""station"": 356, ""route"": ""2""}, {""station"": 355, ""route"": ""2""}, {""station"": 354, ""route"": ""2""}, {""station"": 353, ""route"": ""2""}, {""station"": 626, ""route"": ""2""}, {""station"": 341, ""route"": ""2""}, {""station"": 340, ""route"": ""2""}, {""station"": 339, ""route"": ""2""}, {""station"": 617, ""route"": ""2""}, {""station"": 337, ""route"": ""2""}, {""station"": 336, ""route"": ""2""}, {""station"": 620, ""route"": ""2""}, {""station"": 334, ""route"": ""2""}, {""station"": 333, ""route"": ""2""}, {""station"": 628, ""route"": ""2""}, {""station"": 624, ""route"": ""2""}, {""station"": 327, ""route"": ""2""}, {""station"": 601, ""route"": ""2""}, {""station"": 318, ""route"": ""2""}, {""station"": 611, ""route"": ""2""}, {""station"": 313, ""route"": ""2""}, {""station"": 310, ""route"": ""2""}, {""station"": 441, ""route"": ""2""}, {""station"": 440, ""route"": ""2""}, {""station"": 439, ""route"": ""2""}, {""station"": 438, ""route"": ""2""}, {""station"": 603, ""route"": ""2""}, {""station"": 434, ""route"": ""2""}, {""station"": 433, ""route"": ""2""}, {""station"": 432, ""route"": ""2""}, {""station"": 431, ""route"": ""2""}, {""station"": 430, ""route"": ""2""}, {""station"": 429, ""route"": ""2""}, {""station"": 428, ""route"": ""2""}, {""station"": 427, ""route"": ""2""}, {""station"": 426, ""route"": ""2""}, {""station"": 425, ""route"": ""2""}, {""station"": 424, ""route"": ""2""}, {""station"": 423, ""route"": ""2""}, {""station"": 422, ""route"": ""2""}, {""station"": 421, ""route"": ""2""}, {""station"": 420, ""route"": ""2""}, {""station"": 419, ""route"": ""2""}, {""station"": 418, ""route"": ""2""}, {""station"": 417, ""route"": ""2""}, {""station"": 416, ""route"": ""2""}]}",auto_generated
line_completion_3,3 Completionist,Visit every station on the 3 line.,lifetime_set,"{""type"": ""all_station_route_pairs"", ""pairs"": [{""station"": 352, ""route"": ""3""}, {""station"": 351, ""route"": ""3""}, {""station"": 350, ""route"": ""3""}, {""station"": 349, ""route"": ""3""}, {""station"": 348, ""route"": ""3""}, {""station"": 347, ""route"": ""3""}, {""station"": 346, ""route"": ""3""}, {""station"": 345, ""route"": ""3""}, {""station"": 344, ""route"": ""3""}, {""station"": 343, ""route"": ""3""}, {""station"": 626, ""route"": ""3""}, {""station"": 341, ""route"": ""3""}, {""station"": 340, ""route"": ""3""}, {""station"": 339, ""route"": ""3""}, {""station"": 617, ""route"": ""3""}, {""station"": 337, ""route"": ""3""}, {""station"": 336, ""route"": ""3""}, {""station"": 620, ""route"": ""3""}, {""station"": 334, ""route"": ""3""}, {""station"": 333, ""route"": ""3""}, {""station"": 628, ""route"": ""3""}, {""station"": 624, ""route"": ""3""}, {""station"": 327, ""route"": ""3""}, {""station"": 601, ""route"": ""3""}, {""station"": 318, ""route"": ""3""}, {""station"": 611, ""route"": ""3""}, {""station"": 313, ""route"": ""3""}, {""station"": 310, ""route"": ""3""}, {""station"": 441, ""route"": ""3""}, {""station"": 440, ""route"": ""3""}, {""station"": 439, ""route"": ""3""}, {""station"": 438, ""route"": ""3""}, {""station"": 437, ""route"": ""3""}, {""station"": 436, ""route"": ""3""}]}",auto_generated
line_completion_4,4 Completionist,Visit every station on the 4 line.,lifetime_set,"{""type"": ""all_station_route_pairs"", ""pairs"": [{""station"": 345, ""route"": ""4""}, {""station"": 626, ""route"": ""4""}, {""station"": 617, ""route"": ""4""}, {""station"": 337, ""route"": ""4""}, {""station"": 620, ""route"": ""4""}, {""station"": 414, ""route"": ""4""}, {""station"": 413, ""route"": ""4""}, {""station"": 628, ""route"": ""4""}, {""station"": 622, ""route"": ""4""}, {""station"": 602, ""route"": ""4""}, {""station"": 610, ""route"": ""4""}, {""station"": 613, ""route"": ""4""}, {""station"": 397, ""route"": ""4""}, {""station"": 392, ""route"": ""4""}, {""station"": 391, ""route"": ""4""}, {""station"": 603, ""route"": ""4""}, {""station"": 604, ""route"": ""4""}, {""station"": 388, ""route"": ""4""}, {""station"": 387, ""route"": ""4""}, {""station"": 386, ""route"": ""4""}, {""station"": 385, ""route"": ""4""}, {""station"": 384, ""route"": ""4""}, {""station"": 383, ""route"": ""4""}, {""station"": 382, ""route"": ""4""}, {""station"": 381, ""route"": ""4""}, {""station"": 380, ""route"": ""4""}, {""station"": 379, ""route"": ""4""}, {""station"": 378, ""route"": ""4""}]}",auto_generated
line_completion_5,5 Completionist,Visit every station on the 5 line.,lifetime_set,"{""type"": ""all_station_route_pairs"", ""pairs"": [{""station"": 359, ""route"": ""5""}, {""station"": 358, ""route"": ""5""}, {""station"": 357, ""route"": ""5""}, {""station"": 356, ""route"": ""5""}, {""station"": 355, ""route"": ""5""}, {""station"": 354, ""route"": ""5""}, {""station"": 353, ""route"": ""5""}, {""station"": 626, ""route"": ""5""}, {""station"": 617, ""route"": ""5""}, {""station"": 337, ""route"": ""5""}, {""station"": 620, ""route"": ""5""}, {""station"": 414, ""route"": ""5""}, {""station"": 413, ""route"": ""5""}, {""station"": 628, ""route"": ""5""}, {""station"": 622, ""route"": ""5""}, {""station"": 602, ""route"": ""5""}, {""station"": 610, ""route"": ""5""}, {""station"": 613, ""route"": ""5""}, {""station"": 397, ""route"": ""5""}, {""station"": 392, ""route"": ""5""}, {""station"": 391, ""route"": ""5""}, {""station"": 603, ""route"": ""5""}, {""station"": 434, ""route"": ""5""}, {""station"": 433, ""route"": ""5""}, {""station"": 432, ""route"": ""5""}, {""station"": 431, ""route"": ""5""}, {""station"": 430, ""route"": ""5""}, {""station"": 429, ""route"": ""5""}, {""station"": 428, ""route"": ""5""}, {""station"": 427, ""route"": ""5""}, {""station"": 426, ""route"": ""5""}, {""station"": 446, ""route"": ""5""}, {""station"": 445, ""route"": ""5""}, {""station"": 444, ""route"": ""5""}, {""station"": 443, ""route"": ""5""}, {""station"": 442, ""route"": ""5""}, {""station"": 425, ""route"": ""5""}, {""station"": 424, ""route"": ""5""}, {""station"": 423, ""route"": ""5""}, {""station"": 422, ""route"": ""5""}, {""station"": 421, ""route"": ""5""}, {""station"": 420, ""route"": ""5""}, {""station"": 419, ""route"": ""5""}, {""station"": 418, ""route"": ""5""}, {""station"": 417, ""route"": ""5""}]}",auto_generated
line_completion_6,6 Completionist,Visit every station on the 6 line.,lifetime_set,"{""type"": ""all_station_route_pairs"", ""pairs"": [{""station"": 622, ""route"": ""6""}, {""station"": 623, ""route"": ""6""}, {""station"": 409, ""route"": ""6""}, {""station"": 619, ""route"": ""6""}, {""station"": 407, ""route"": ""6""}, {""station"": 602, ""route"": ""6""}, {""station"": 405, ""route"": ""6""}, {""station"": 404, ""route"": ""6""}, {""station"": 403, ""route"": ""6""}, {""station"": 610, ""route"": ""6""}, {""station"": 612, ""route"": ""6""}, {""station"": 613, ""route"": ""6""}, {""station"": 399, ""route"": ""6""}, {""station"": 398, ""route"": ""6""}, {""station"": 397, ""route"": ""6""}, {""station"": 396, ""route"": ""6""}, {""station"": 395, ""route"": ""6""}, {""station"": 394, ""route"": ""6""}, {""station"": 393, ""route"": ""6""}, {""station"": 392, ""route"": ""6""}, {""station"": 377, ""route"": ""6""}, {""station"": 376, ""route"": ""6""}, {""station"": 375, ""route"": ""6""}, {""station"": 374, ""route"": ""6""}, {""station"": 373, ""route"": ""6""}, {""station"": 372, ""route"": ""6""}, {""station"": 371, ""route"": ""6""}, {""station"": 370, ""route"": ""6""}, {""station"": 369, ""route"": ""6""}, {""station"": 368, ""route"": ""6""}, {""station"": 367, ""route"": ""6""}, {""station"": 366, ""route"": ""6""}, {""station"": 365, ""route"": ""6""}, {""station"": 364, ""route"": ""6""}, {""station"": 363, ""route"": ""6""}, {""station"": 362, ""route"": ""6""}, {""station"": 361, ""route"": ""6""}, {""station"": 360, ""route"": ""6""}]}",auto_generated
line_completion_7,7 Completionist,Visit every station on the 7 line.,lifetime_set,"{""type"": ""all_station_route_pairs"", ""pairs"": [{""station"": 471, ""route"": ""7""}, {""station"": 611, ""route"": ""7""}, {""station"": 609, ""route"": ""7""}, {""station"": 610, ""route"": ""7""}, {""station"": 464, ""route"": ""7""}, {""station"": 463, ""route"": ""7""}, {""station"": 606, ""route"": ""7""}, {""station"": 461, ""route"": ""7""}, {""station"": 460, ""route"": ""7""}, {""station"": 459, ""route"": ""7""}, {""station"": 458, ""route"": ""7""}, {""station"": 456, ""route"": ""7""}, {""station"": 616, ""route"": ""7""}, {""station"": 453, ""route"": ""7""}, {""station"": 452, ""route"": ""7""}, {""station"": 451, ""route"": ""7""}, {""station"": 450, ""route"": ""7""}, {""station"": 449, ""route"": ""7""}, {""station"": 448, ""route"": ""7""}, {""station"": 447, ""route"": ""7""}]}",auto_generated
line_completion_A,A Completionist,Visit every station on the A line.,lifetime_set,"{""type"": ""all_station_route_pairs"", ""pairs"": [{""station"": 209, ""route"": ""A""}, {""station"": 208, ""route"": ""A""}, {""station"": 207, ""route"": ""A""}, {""station"": 206, ""route"": ""A""}, {""station"": 205, ""route"": ""A""}, {""station"": 204, ""route"": ""A""}, {""station"": 199, ""route"": ""A""}, {""station"": 198, ""route"": ""A""}, {""station"": 197, ""route"": ""A""}, {""station"": 196, ""route"": ""A""}, {""station"": 192, ""route"": ""A""}, {""station"": 191, ""route"": ""A""}, {""station"": 190, ""route"": ""A""}, {""station"": 189, ""route"": ""A""}, {""station"": 188, ""route"": ""A""}, {""station"": 621, ""route"": ""A""}, {""station"": 181, ""route"": ""A""}, {""station"": 179, ""route"": ""A""}, {""station"": 175, ""route"": ""A""}, {""station"": 636, ""route"": ""A""}, {""station"": 173, ""route"": ""A""}, {""station"": 628, ""route"": ""A""}, {""station"": 624, ""route"": ""A""}, {""station"": 169, ""route"": ""A""}, {""station"": 167, ""route"": ""A""}, {""station"": 618, ""route"": ""A""}, {""station"": 164, ""route"": ""A""}, {""station"": 611, ""route"": ""A""}, {""station"": 614, ""route"": ""A""}, {""station"": 153, ""route"": ""A""}, {""station"": 151, ""route"": ""A""}, {""station"": 605, ""route"": ""A""}, {""station"": 147, ""route"": ""A""}, {""station"": 146, ""route"": ""A""}, {""station"": 145, ""route"": ""A""}, {""station"": 144, ""route"": ""A""}, {""station"": 143, ""route"": ""A""}, {""station"": 203, ""route"": ""A""}, {""station"": 202, ""route"": ""A""}, {""station"": 201, ""route"": ""A""}, {""station"": 200, ""route"": ""A""}, {""station"": 195, ""route"": ""A""}, {""station"": 194, ""route"": ""A""}, {""station"": 193, ""route"": ""A""}]}",auto_generated
line_completion_B,B Completionist,Visit every station on the B line.,lifetime_set,"{""type"": ""all_station_route_pairs"", ""pairs"": [{""station"": 55, ""route"": ""B""}, {""station"": 54, ""route"": ""B""}, {""station"": 51, ""route"": ""B""}, {""station"": 47, ""route"": ""B""}, {""station"": 44, ""route"": ""B""}, {""station"": 42, ""route"": ""B""}, {""station"": 41, ""route"": ""B""}, {""station"": 617, ""route"": ""B""}, {""station"": 26, ""route"": ""B""}, {""station"": 231, ""route"": ""B""}, {""station"": 619, ""route"": ""B""}, {""station"": 167, ""route"": ""B""}, {""station"": 607, ""route"": ""B""}, {""station"": 609, ""route"": ""B""}, {""station"": 225, ""route"": ""B""}, {""station"": 277, ""route"": ""B""}, {""station"": 614, ""route"": ""B""}, {""station"": 160, ""route"": ""B""}, {""station"": 159, ""route"": ""B""}, {""station"": 158, ""route"": ""B""}, {""station"": 157, ""route"": ""B""}, {""station"": 156, ""route"": ""B""}, {""station"": 155, ""route"": ""B""}, {""station"": 154, ""route"": ""B""}, {""station"": 153, ""route"": ""B""}, {""station"": 152, ""route"": ""B""}, {""station"": 151, ""route"": ""B""}, {""station"": 220, ""route"": ""B""}, {""station"": 604, ""route"": ""B""}, {""station"": 218, ""route"": ""B""}, {""station"": 217, ""route"": ""B""}, {""station"": 216, ""route"": ""B""}, {""station"": 215, ""route"": ""B""}, {""station"": 214, ""route"": ""B""}, {""station"": 213, ""route"": ""B""}, {""station"": 212, ""route"": ""B""}, {""station"": 211, ""route"": ""B""}]}",auto_generated
line_completion_C,C Completionist,Visit every station on the C line.,lifetime_set,"{""type"": ""all_station_route_pairs"", ""pairs"": [{""station"": 188, ""route"": ""C""}, {""station"": 187, ""route"": ""C""}, {""station"": 186, ""route"": ""C""}, {""station"": 185, ""route"": ""C""}, {""station"": 621, ""route"": ""C""}, {""station"": 183, ""route"": ""C""}, {""station"": 182, ""route"": ""C""}, {""station"": 181, ""route"": ""C""}, {""station"": 180, ""route"": ""C""}, {""station"": 179, ""route"": ""C""}, {""station"": 627, ""route"": ""C""}, {""station"": 177, ""route"": ""C""}, {""station"": 176, ""route"": ""C""}, {""station"": 175, ""route"": ""C""}, {""station"": 636, ""route"": ""C""}, {""station"": 173, ""route"": ""C""}, {""station"": 628, ""route"": ""C""}, {""station"": 624, ""route"": ""C""}, {""station"": 169, ""route"": ""C""}, {""station"": 168, ""route"": ""C""}, {""station"": 167, ""route"": ""C""}, {""station"": 618, ""route"": ""C""}, {""station"": 165, ""route"": ""C""}, {""station"": 164, ""route"": ""C""}, {""station"": 611, ""route"": ""C""}, {""station"": 162, ""route"": ""C""}, {""station"": 614, ""route"": ""C""}, {""station"": 160, ""route"": ""C""}, {""station"": 159, ""route"": ""C""}, {""station"": 158, ""route"": ""C""}, {""station"": 157, ""route"": ""C""}, {""station"": 156, ""route"": ""C""}, {""station"": 155, ""route"": ""C""}, {""station"": 154, ""route"": ""C""}, {""station"": 153, ""route"": ""C""}, {""station"": 152, ""route"": ""C""}, {""station"": 151, ""route"": ""C""}, {""station"": 150, ""route"": ""C""}, {""station"": 149, ""route"": ""C""}, {""station"": 605, ""route"": ""C""}]}",auto_generated
line_completion_D,D Completionist,Visit every station on the D line.,lifetime_set,"{""type"": ""all_station_route_pairs"", ""pairs"": [{""station"": 58, ""route"": ""D""}, {""station"": 70, ""route"": ""D""}, {""station"": 69, ""route"": ""D""}, {""station"": 68, ""route"": ""D""}, {""station"": 67, ""route"": ""D""}, {""station"": 66, ""route"": ""D""}, {""station"": 65, ""route"": ""D""}, {""station"": 64, ""route"": ""D""}, {""station"": 615, ""route"": ""D""}, {""station"": 62, ""route"": ""D""}, {""station"": 61, ""route"": ""D""}, {""station"": 60, ""route"": ""D""}, {""station"": 59, ""route"": ""D""}, {""station"": 32, ""route"": ""D""}, {""station"": 617, ""route"": ""D""}, {""station"": 231, ""route"": ""D""}, {""station"": 619, ""route"": ""D""}, {""station"": 167, ""route"": ""D""}, {""station"": 607, ""route"": ""D""}, {""station"": 609, ""route"": ""D""}, {""station"": 225, ""route"": ""D""}, {""station"": 277, ""route"": ""D""}, {""station"": 614, ""route"": ""D""}, {""station"": 153, ""route"": ""D""}, {""station"": 151, ""route"": ""D""}, {""station"": 220, ""route"": ""D""}, {""station"": 604, ""route"": ""D""}, {""station"": 218, ""route"": ""D""}, {""station"": 217, ""route"": ""D""}, {""station"": 216, ""route"": ""D""}, {""station"": 215, ""route"": ""D""}, {""station"": 214, ""route"": ""D""}, {""station"": 213, ""route"": ""D""}, {""station"": 212, ""route"": ""D""}, {""station"": 211, ""route"": ""D""}, {""station"": 210, ""route"": ""D""}]}",auto_generated
line_completion_E,E Completionist,Visit every station on the E line.,lifetime_set,"{""type"": ""all_station_route_pairs"", ""pairs"": [{""station"": 624, ""route"": ""E""}, {""station"": 169, ""route"": ""E""}, {""station"": 168, ""route"": ""E""}, {""station"": 167, ""route"": ""E""}, {""station"": 618, ""route"": ""E""}, {""station"": 165, ""route"": ""E""}, {""station"": 164, ""route"": ""E""}, {""station"": 611, ""route"": ""E""}, {""station"": 162, ""route"": ""E""}, {""station"": 277, ""route"": ""E""}, {""station"": 276, ""route"": ""E""}, {""station"": 612, ""route"": ""E""}, {""station"": 606, ""route"": ""E""}, {""station"": 273, ""route"": ""E""}, {""station"": 616, ""route"": ""E""}, {""station"": 261, ""route"": ""E""}, {""station"": 260, ""route"": ""E""}, {""station"": 259, ""route"": ""E""}, {""station"": 258, ""route"": ""E""}, {""station"": 280, ""route"": ""E""}, {""station"": 279, ""route"": ""E""}, {""station"": 278, ""route"": ""E""}]}",auto_generated
line_completion_F,F Completionist,Visit every station on the F line.,lifetime_set,"{""type"": ""all_station_route_pairs"", ""pairs"": [{""station"": 58, ""route"": ""F""}, {""station"": 57, ""route"": ""F""}, {""station"": 253, ""route"": ""F""}, {""station"": 252, ""route"": ""F""}, {""station"": 251, ""route"": ""F""}, {""station"": 250, ""route"": ""F""}, {""station"": 249, ""route"": ""F""}, {""station"": 248, ""route"": ""F""}, {""station"": 247, ""route"": ""F""}, {""station"": 246, ""route"": ""F""}, {""station"": 245, ""route"": ""F""}, {""station"": 244, ""route"": ""F""}, {""station"": 243, ""route"": ""F""}, {""station"": 242, ""route"": ""F""}, {""station"": 241, ""route"": ""F""}, {""station"": 240, ""route"": ""F""}, {""station"": 608, ""route"": ""F""}, {""station"": 238, ""route"": ""F""}, {""station"": 237, ""route"": ""F""}, {""station"": 236, ""route"": ""F""}, {""station"": 636, ""route"": ""F""}, {""station"": 235, ""route"": ""F""}, {""station"": 234, ""route"": ""F""}, {""station"": 625, ""route"": ""F""}, {""station"": 232, ""route"": ""F""}, {""station"": 619, ""route"": ""F""}, {""station"": 167, ""route"": ""F""}, {""station"": 601, ""route"": ""F""}, {""station"": 228, ""route"": ""F""}, {""station"": 607, ""route"": ""F""}, {""station"": 609, ""route"": ""F""}, {""station"": 225, ""route"": ""F""}, {""station"": 276, ""route"": ""F""}, {""station"": 612, ""route"": ""F""}, {""station"": 606, ""route"": ""F""}, {""station"": 273, ""route"": ""F""}, {""station"": 616, ""route"": ""F""}, {""station"": 261, ""route"": ""F""}, {""station"": 260, ""route"": ""F""}, {""station"": 259, ""route"": ""F""}, {""station"": 258, ""route"": ""F""}, {""station"": 257, ""route"": ""F""}, {""station"": 256, ""route"": ""F""}, {""station"": 255, ""route"": ""F""}, {""station"": 254, ""route"": ""F""}]}",auto_generated
line_completion_FS,FS Completionist,Visit every station on the FS line.,lifetime_set,"{""type"": ""all_station_route_pairs"", ""pairs"": [{""station"": 42, ""route"": ""FS""}, {""station"": 626, ""route"": ""FS""}, {""station"": 141, ""route"": ""FS""}, {""station"": 627, ""route"": ""FS""}]}",auto_generated
line_completion_G,G Completionist,Visit every station on the G line.,lifetime_set,"{""type"": ""all_station_route_pairs"", ""pairs"": [{""station"": 243, ""route"": ""G""}, {""station"": 242, ""route"": ""G""}, {""station"": 241, ""route"": ""G""}, {""station"": 240, ""route"": ""G""}, {""station"": 608, ""route"": ""G""}, {""station"": 238, ""route"": ""G""}, {""station"": 237, ""route"": ""G""}, {""station"": 236, ""route"": ""G""}, {""station"": 175, ""route"": ""G""}, {""station"": 292, ""route"": ""G""}, {""station"": 291, ""route"": ""G""}, {""station"": 290, ""route"": ""G""}, {""station"": 289, ""route"": ""G""}, {""station"": 288, ""route"": ""G""}, {""station"": 287, ""route"": ""G""}, {""station"": 286, ""route"": ""G""}, {""station"": 629, ""route"": ""G""}, {""station"": 284, ""route"": ""G""}, {""station"": 283, ""route"": ""G""}, {""station"": 282, ""route"": ""G""}, {""station"": 606, ""route"": ""G""}]}",auto_generated
line_completion_GS,GS Completionist,Visit every station on the GS line.,lifetime_set,"{""type"": ""all_station_route_pairs"", ""pairs"": [{""station"": 610, ""route"": ""GS""}, {""station"": 611, ""route"": ""GS""}]}",auto_generated
line_completion_H,H Completionist,Visit every station on the H line.,lifetime_set,"{""type"": ""all_station_route_pairs"", ""pairs"": [{""station"": 203, ""route"": ""H""}, {""station"": 202, ""route"": ""H""}, {""station"": 201, ""route"": ""H""}, {""station"": 200, ""route"": ""H""}, {""station"": 199, ""route"": ""H""}]}",auto_generated
line_completion_J,J Completionist,Visit every station on the J line.,lifetime_set,"{""type"": ""all_station_route_pairs"", ""pairs"": [{""station"": 107, ""route"": ""J""}, {""station"": 628, ""route"": ""J""}, {""station"": 622, ""route"": ""J""}, {""station"": 623, ""route"": ""J""}, {""station"": 103, ""route"": ""J""}, {""station"": 625, ""route"": ""J""}, {""station"": 101, ""route"": ""J""}, {""station"": 100, ""route"": ""J""}, {""station"": 99, ""route"": ""J""}, {""station"": 98, ""route"": ""J""}, {""station"": 97, ""route"": ""J""}, {""station"": 96, ""route"": ""J""}, {""station"": 95, ""route"": ""J""}, {""station"": 94, ""route"": ""J""}, {""station"": 93, ""route"": ""J""}, {""station"": 621, ""route"": ""J""}, {""station"": 91, ""route"": ""J""}, {""station"": 90, ""route"": ""J""}, {""station"": 89, ""route"": ""J""}, {""station"": 88, ""route"": ""J""}, {""station"": 87, ""route"": ""J""}, {""station"": 86, ""route"": ""J""}, {""station"": 85, ""route"": ""J""}, {""station"": 84, ""route"": ""J""}, {""station"": 83, ""route"": ""J""}, {""station"": 82, ""route"": ""J""}, {""station"": 81, ""route"": ""J""}, {""station"": 80, ""route"": ""J""}, {""station"": 279, ""route"": ""J""}, {""station"": 278, ""route"": ""J""}]}",auto_generated
line_completion_L,L Completionist,Visit every station on the L line.,lifetime_set,"{""type"": ""all_station_route_pairs"", ""pairs"": [{""station"": 138, ""route"": ""L""}, {""station"": 137, ""route"": ""L""}, {""station"": 136, ""route"": ""L""}, {""station"": 135, ""route"": ""L""}, {""station"": 134, ""route"": ""L""}, {""station"": 133, ""route"": ""L""}, {""station"": 621, ""route"": ""L""}, {""station"": 131, ""route"": ""L""}, {""station"": 130, ""route"": ""L""}, {""station"": 129, ""route"": ""L""}, {""station"": 630, ""route"": ""L""}, {""station"": 127, ""route"": ""L""}, {""station"": 126, ""route"": ""L""}, {""station"": 125, ""route"": ""L""}, {""station"": 124, ""route"": ""L""}, {""station"": 123, ""route"": ""L""}, {""station"": 122, ""route"": ""L""}, {""station"": 629, ""route"": ""L""}, {""station"": 120, ""route"": ""L""}, {""station"": 119, ""route"": ""L""}, {""station"": 118, ""route"": ""L""}, {""station"": 602, ""route"": ""L""}, {""station"": 601, ""route"": ""L""}, {""station"": 618, ""route"": ""L""}]}",auto_generated
line_completion_M,M Completionist,Visit every station on the M line.,lifetime_set,"{""type"": ""all_station_route_pairs"", ""pairs"": [{""station"": 108, ""route"": ""M""}, {""station"": 109, ""route"": ""M""}, {""station"": 110, ""route"": ""M""}, {""station"": 111, ""route"": ""M""}, {""station"": 630, ""route"": ""M""}, {""station"": 113, ""route"": ""M""}, {""station"": 114, ""route"": ""M""}, {""station"": 97, ""route"": ""M""}, {""station"": 98, ""route"": ""M""}, {""station"": 99, ""route"": ""M""}, {""station"": 100, ""route"": ""M""}, {""station"": 101, ""route"": ""M""}, {""station"": 625, ""route"": ""M""}, {""station"": 619, ""route"": ""M""}, {""station"": 167, ""route"": ""M""}, {""station"": 601, ""route"": ""M""}, {""station"": 228, ""route"": ""M""}, {""station"": 607, ""route"": ""M""}, {""station"": 609, ""route"": ""M""}, {""station"": 225, ""route"": ""M""}, {""station"": 224, ""route"": ""M""}, {""station"": 223, ""route"": ""M""}, {""station"": 222, ""route"": ""M""}, {""station"": 221, ""route"": ""M""}, {""station"": 272, ""route"": ""M""}, {""station"": 271, ""route"": ""M""}, {""station"": 270, ""route"": ""M""}, {""station"": 269, ""route"": ""M""}, {""station"": 268, ""route"": ""M""}, {""station"": 616, ""route"": ""M""}, {""station"": 266, ""route"": ""M""}, {""station"": 265, ""route"": ""M""}, {""station"": 264, ""route"": ""M""}, {""station"": 263, ""route"": ""M""}, {""station"": 262, ""route"": ""M""}, {""station"": 261, ""route"": ""M""}]}",auto_generated
line_completion_N,N Completionist,Visit every station on the N line.,lifetime_set,"{""type"": ""all_station_route_pairs"", ""pairs"": [{""station"": 58, ""route"": ""N""}, {""station"": 79, ""route"": ""N""}, {""station"": 78, ""route"": ""N""}, {""station"": 77, ""route"": ""N""}, {""station"": 76, ""route"": ""N""}, {""station"": 75, ""route"": ""N""}, {""station"": 74, ""route"": ""N""}, {""station"": 615, ""route"": ""N""}, {""station"": 72, ""route"": ""N""}, {""station"": 71, ""route"": ""N""}, {""station"": 35, ""route"": ""N""}, {""station"": 32, ""route"": ""N""}, {""station"": 617, ""route"": ""N""}, {""station"": 623, ""route"": ""N""}, {""station"": 602, ""route"": ""N""}, {""station"": 607, ""route"": ""N""}, {""station"": 611, ""route"": ""N""}, {""station"": 10, ""route"": ""N""}, {""station"": 9, ""route"": ""N""}, {""station"": 8, ""route"": ""N""}, {""station"": 613, ""route"": ""N""}, {""station"": 461, ""route"": ""N""}, {""station"": 6, ""route"": ""N""}, {""station"": 5, ""route"": ""N""}, {""station"": 4, ""route"": ""N""}, {""station"": 3, ""route"": ""N""}, {""station"": 2, ""route"": ""N""}, {""station"": 1, ""route"": ""N""}]}",auto_generated
line_completion_Q,Q Completionist,Visit every station on the Q line.,lifetime_set,"{""type"": ""all_station_route_pairs"", ""pairs"": [{""station"": 58, ""route"": ""Q""}, {""station"": 57, ""route"": ""Q""}, {""station"": 56, ""route"": ""Q""}, {""station"": 55, ""route"": ""Q""}, {""station"": 54, ""route"": ""Q""}, {""station"": 53, ""route"": ""Q""}, {""station"": 52, ""route"": ""Q""}, {""station"": 51, ""route"": ""Q""}, {""station"": 50, ""route"": ""Q""}, {""station"": 49, ""route"": ""Q""}, {""station"": 48, ""route"": ""Q""}, {""station"": 47, ""route"": ""Q""}, {""station"": 46, ""route"": ""Q""}, {""station"": 45, ""route"": ""Q""}, {""station"": 44, ""route"": ""Q""}, {""station"": 43, ""route"": ""Q""}, {""station"": 42, ""route"": ""Q""}, {""station"": 41, ""route"": ""Q""}, {""station"": 617, ""route"": ""Q""}, {""station"": 26, ""route"": ""Q""}, {""station"": 623, ""route"": ""Q""}, {""station"": 602, ""route"": ""Q""}, {""station"": 607, ""route"": ""Q""}, {""station"": 611, ""route"": ""Q""}, {""station"": 9, ""route"": ""Q""}, {""station"": 223, ""route"": ""Q""}, {""station"": 477, ""route"": ""Q""}, {""station"": 476, ""route"": ""Q""}, {""station"": 475, ""route"": ""Q""}]}",auto_generated
line_completion_R,R Completionist,Visit every station on the R line.,lifetime_set,"{""type"": ""all_station_route_pairs"", ""pairs"": [{""station"": 39, ""route"": ""R""}, {""station"": 38, ""route"": ""R""}, {""station"": 37, ""route"": ""R""}, {""station"": 36, ""route"": ""R""}, {""station"": 35, ""route"": ""R""}, {""station"": 34, ""route"": ""R""}, {""station"": 33, ""route"": ""R""}, {""station"": 32, ""route"": ""R""}, {""station"": 31, ""route"": ""R""}, {""station"": 30, ""route"": ""R""}, {""station"": 608, ""route"": ""R""}, {""station"": 28, ""route"": ""R""}, {""station"": 617, ""route"": ""R""}, {""station"": 26, ""route"": ""R""}, {""station"": 636, ""route"": ""R""}, {""station"": 620, ""route"": ""R""}, {""station"": 635, ""route"": ""R""}, {""station"": 22, ""route"": ""R""}, {""station"": 624, ""route"": ""R""}, {""station"": 20, ""route"": ""R""}, {""station"": 623, ""route"": ""R""}, {""station"": 17, ""route"": ""R""}, {""station"": 16, ""route"": ""R""}, {""station"": 602, ""route"": ""R""}, {""station"": 14, ""route"": ""R""}, {""station"": 13, ""route"": ""R""}, {""station"": 607, ""route"": ""R""}, {""station"": 611, ""route"": ""R""}, {""station"": 10, ""route"": ""R""}, {""station"": 9, ""route"": ""R""}, {""station"": 8, ""route"": ""R""}, {""station"": 613, ""route"": ""R""}, {""station"": 273, ""route"": ""R""}, {""station"": 272, ""route"": ""R""}, {""station"": 271, ""route"": ""R""}, {""station"": 270, ""route"": ""R""}, {""station"": 269, ""route"": ""R""}, {""station"": 268, ""route"": ""R""}, {""station"": 616, ""route"": ""R""}, {""station"": 266, ""route"": ""R""}, {""station"": 265, ""route"": ""R""}, {""station"": 264, ""route"": ""R""}, {""station"": 263, ""route"": ""R""}, {""station"": 262, ""route"": ""R""}, {""station"": 261, ""route"": ""R""}]}",auto_generated
line_completion_SI,SI Completionist,Visit every station on the SI line.,lifetime_set,"{""type"": ""all_station_route_pairs"", ""pairs"": [{""station"": 522, ""route"": ""SI""}, {""station"": 523, ""route"": ""SI""}, {""station"": 519, ""route"": ""SI""}, {""station"": 518, ""route"": ""SI""}, {""station"": 517, ""route"": ""SI""}, {""station"": 516, ""route"": ""SI""}, {""station"": 515, ""route"": ""SI""}, {""station"": 514, ""route"": ""SI""}, {""station"": 513, ""route"": ""SI""}, {""station"": 512, ""route"": ""SI""}, {""station"": 511, ""route"": ""SI""}, {""station"": 510, ""route"": ""SI""}, {""station"": 509, ""route"": ""SI""}, {""station"": 508, ""route"": ""SI""}, {""station"": 507, ""route"": ""SI""}, {""station"": 506, ""route"": ""SI""}, {""station"": 505, ""route"": ""SI""}, {""station"": 504, ""route"": ""SI""}, {""station"": 503, ""route"": ""SI""}, {""station"": 502, ""route"": ""SI""}, {""station"": 501, ""route"": ""SI""}]}",auto_generated
line_completion_W,W Completionist,Visit every station on the W line.,lifetime_set,"{""type"": ""all_station_route_pairs"", ""pairs"": [{""station"": 635, ""route"": ""W""}, {""station"": 22, ""route"": ""W""}, {""station"": 624, ""route"": ""W""}, {""station"": 20, ""route"": ""W""}, {""station"": 623, ""route"": ""W""}, {""station"": 17, ""route"": ""W""}, {""station"": 16, ""route"": ""W""}, {""station"": 602, ""route"": ""W""}, {""station"": 14, ""route"": ""W""}, {""station"": 13, ""route"": ""W""}, {""station"": 607, ""route"": ""W""}, {""station"": 611, ""route"": ""W""}, {""station"": 10, ""route"": ""W""}, {""station"": 9, ""route"": ""W""}, {""station"": 8, ""route"": ""W""}, {""station"": 613, ""route"": ""W""}, {""station"": 461, ""route"": ""W""}, {""station"": 6, ""route"": ""W""}, {""station"": 5, ""route"": ""W""}, {""station"": 4, ""route"": ""W""}, {""station"": 3, ""route"": ""W""}, {""station"": 2, ""route"": ""W""}, {""station"": 1, ""route"": ""W""}]}",auto_generated
line_completion_Z,Z Completionist,Visit every station on the Z line.,lifetime_set,"{""type"": ""all_station_route_pairs"", ""pairs"": [{""station"": 107, ""route"": ""Z""}, {""station"": 628, ""route"": ""Z""}, {""station"": 622, ""route"": ""Z""}, {""station"": 623, ""route"": ""Z""}, {""station"": 103, ""route"": ""Z""}, {""station"": 625, ""route"": ""Z""}, {""station"": 101, ""route"": ""Z""}, {""station"": 97, ""route"": ""Z""}, {""station"": 95, ""route"": ""Z""}, {""station"": 93, ""route"": ""Z""}, {""station"": 621, ""route"": ""Z""}, {""station"": 91, ""route"": ""Z""}, {""station"": 90, ""route"": ""Z""}, {""station"": 88, ""route"": ""Z""}, {""station"": 87, ""route"": ""Z""}, {""station"": 85, ""route"": ""Z""}, {""station"": 83, ""route"": ""Z""}, {""station"": 82, ""route"": ""Z""}, {""station"": 80, ""route"": ""Z""}, {""station"": 279, ""route"": ""Z""}, {""station"": 278, ""route"": ""Z""}]}",auto_generated
line_loyalist,Line Loyalist,Ride the same line at least {count} times.,counting,"{""type"": ""ride_count_route"", ""route"": ""any"", ""count"": 10}",hand_authored
manhattan_neighborhoods,Neighborhood Native,Visit a station in every Manhattan neighborhood.,lifetime_set,"{""type"": ""all_groups"", ""groups"": [[156, 8, 160, 159, 158, 157], [321, 165, 320, 471, 618], [234], [393, 392, 395, 394, 475], [610, 612], [119, 232], [414, 107, 624, 628, 22, 329, 328, 333, 413, 635], [118], [601, 16, 407, 619], [151, 304, 150], [438, 437, 220, 436, 441, 154, 440, 439, 155], [162], [298, 297, 143], [296], [103, 625, 231], [152, 305], [602, 14, 228, 405, 13, 319, 404, 403, 607, 318], [164, 609, 225, 10, 276, 316, 224, 9, 277, 611], [307, 153, 306], [325, 623, 324, 17, 168, 409], [169, 327, 622, 20, 326], [399, 398, 397, 396, 613, 223, 477, 222, 476], [312, 311, 310, 614, 314, 313, 309, 308], [146, 301, 145, 300, 144, 299, 303, 149, 605, 147], [323, 167]], ""group_labels"": [""Central Park"", ""Chelsea-Hudson Yards"", ""Chinatown-Two Bridges"", ""East Harlem"", ""East Midtown-Turtle Bay"", ""East Village"", ""Financial District-Battery Park City"", ""Gramercy"", ""Greenwich Village"", ""Hamilton Heights-Sugar Hill"", ""Harlem"", ""Hell's Kitchen"", ""Inwood"", ""Kingsbridge-Marble Hill"", ""Lower East Side"", ""Manhattanville-West Harlem"", ""Midtown South-Flatiron-Union Square"", ""Midtown-Times Square"", ""Morningside Heights"", ""SoHo-Little Italy-Hudson Square"", ""Tribeca-Civic Center"", ""Upper East Side"", ""Upper West Side"", ""Washington Heights"", ""West Village""]}",hand_authored
n_legger,5-Legger,Log a single trip with at least {count} legs.,per_trip,"{""type"": ""leg_count_min"", ""count"": 5}",hand_authored
park_fence,Park Fence,Visit every station bordering Central Park.,lifetime_set,"{""type"": ""all_stations"", ""stations"": [8, 156, 157, 158, 159, 160]}",hand_authored
roosevelt_island,Island Hopper,Visit Roosevelt Island.,lifetime_set,"{""type"": ""all_stations"", ""stations"": [222]}",hand_authored
s_tier,S Tier,Ride all three shuttles.,lifetime_set,"{""type"": ""all_routes"", ""routes"": [""FS"", ""GS"", ""H""]}",hand_authored
same_name_explorer,Déjà Vu,Visit both stations at {count} different same-name station pairs/clusters.,lifetime_set,"{""type"": ""min_count_groups"", ""min_per_group"": 2, ""exclude_names"": [""34 St-Penn Station"", ""Chambers St""], ""count"": 5, ""groups"": [[4, 286], [13, 319, 404], [14, 165, 228, 320], [623, 169, 325], [22, 329], [26, 127], [30, 432], [32, 272], [37, 398], [38, 79, 158, 311, 397, 476], [41, 240, 277], [44, 243, 356], [51, 77, 250], [52, 78, 251], [60, 72, 242], [61, 162, 316], [65, 312], [66, 74, 245], [67, 75], [68, 76, 247], [71, 618], [81, 194, 449], [82, 193], [83, 264], [90, 186, 351], [94, 129], [98, 287], [99, 629], [628, 292], [123, 231], [136, 352], [144, 299], [146, 301], [150, 220], [151, 304, 437], [152, 438], [153, 306, 392, 439], [154, 393, 440], [155, 308], [156, 309, 395], [157, 310, 396, 475], [160, 313, 477], [168, 409], [177, 291], [179, 343], [183, 348], [212, 381], [213, 382], [217, 387], [218, 388], [236, 339], [333, 413], [421, 444], [424, 445]]}",hand_authored
side_to_side,Side to Side,"Ride across Manhattan at 125th St, west side to east side, in one trip.",per_trip,"{""type"": ""geographic_endpoints"", ""start"": 306, ""end"": 392}",hand_authored
the_middle,The Middle,Visit Middle Village-Metropolitan Av.,lifetime_set,"{""type"": ""all_stations"", ""stations"": [108]}",hand_authored
top_to_bottom,Top to Bottom,Ride from Manhattan's northern tip to its southern tip in one trip.,per_trip,"{""type"": ""geographic_endpoints"", ""start"": 297, ""end"": 635}",hand_authored
transfer_master,Transfer Master,"Make at least {count} transfers, lifetime.",counting,"{""type"": ""transfer_count"", ""count"": 20}",hand_authored
wordsmith,Wordsmith,"Ride a sequence of lines, in order, that spells a real word from our list.",per_trip,"{""type"": ""route_letters_spell_word"", ""words"": [""JAM"", ""CAB"", ""BAG"", ""LAB"", ""CRAB"", ""GRAB"", ""DRAG"", ""FLAG"", ""BAND"", ""HAND"", ""FARM"", ""WARM""]}",hand_authored
